{"fields":[{"fieldName":"code","dataType":"java.lang.String","annotations":{"isPrimary":true,"maxLen":"50"}},{"fieldName":"course_code","dataType":"java.lang.String","annotations":{"isPrimary":true,"maxLen":"50"}},{"fieldName":"course_name","dataType":"java.lang.String","annotations":{"maxLen":"200"}},{"fieldName":"name","dataType":"java.lang.String","annotations":{"maxLen":"200"}},{"fieldName":"description","dataType":"java.lang.String","annotations":{"maxLen":"500"}},{"fieldName":"credit_hrs","dataType":"float","annotations":{}},{"fieldName":"status","dataType":"int","annotations":{}}]}