{"fields":[{"fieldName":"itemid","dataType":"int","annotations":{"isPrimary":true}},{"fieldName":"bid_start_price","dataType":"float","annotations":{}},{"fieldName":"bid_enddate","dataType":"java.util.Date","annotations":{}},{"fieldName":"number_of_bids","dataType":"int","annotations":{}},{"fieldName":"current_bid","dataType":"float","annotations":{}},{"fieldName":"bid_condition","dataType":"java.lang.String","annotations":{"maxLen":"20"}},{"fieldName":"profileId","dataType":"int","annotations":{}}]}