{"main_node":"attr","name":"stelup_dispatch","Fields":[{"type":"text","valuetype":"int","primary":"true","autoIncrement":false,"label":"invoice No","name":"invoiceNo","req":"1","readonly":"1"},{"type":"text","valuetype":"java.lang.String","primary":false,"label":"Name","name":"name","autoIncrement":false,"maxlen":"100","readonly":"1"},{"type":"textarea","valuetype":"java.lang.String","primary":false,"autoIncrement":false,"label":"Shipping Details","name":"shipping_details","maxlen":"500"},{"type":"textarea","valuetype":"java.lang.String","primary":false,"autoIncrement":false,"label":"Comments","name":"comments","maxlen":"1000","req":"1"},{"type":"text","valuetype":"int","primary":false,"autoIncrement":false,"label":"Profile ID","name":"profileId","readonly":"1","req":"0"}],"id":"attr_stelup_dispatch","postworkflow":{"filename":"stelup_dispatch_order.json","name":"stelup_dispatch_order","inputData":[{"name":"invoiceNo","datatype":"int","mappingfield":"invoiceNo"},{"name":"profileId","datatype":"int","mappingfield":"profileId"},{"name":"shipping_details","datatype":"string","mappingfield":"shipping_details"},{"name":"comments","datatype":"string","mappingfield":"comments"}],"startupNode":"reg-step-0","nodes":[]}}