{"main_node":"attr","name":"profile_service_activation","Fields":[{"type":"text","valuetype":"int","primary":"true","autoIncrement":false,"label":"id","name":"id","readonly":"1"},{"type":"text","valuetype":"java.lang.String","primary":false,"label":"Name","name":"name","autoIncrement":false,"maxlen":"200","readonly":"1"},{"type":"text","valuetype":"float","primary":false,"autoIncrement":false,"label":"Credit Hours","name":"credit_hours","req":"1"},{"type":"select","valuetype":"java.lang.String","primary":false,"autoIncrement":false,"label":"Status","name":"status","choices":[{"label":"ToBeActive","sel":"ToBeActive"}]}],"id":"attr_profile_service_activation"}