[{
    "type": "select",
    "label": "Learning Mode",
    "req": 0,
    "name": "learning_type",
    "choices": [{
        "label": "Online",
        "sel": "Online"
    }, {
        "label": "Residence",
        "sel": "Residence"
    }, {
        "label": "other",
        "sel": "other"
    }]
},
{
    "type": "text",
    "label": "User Name",
    "name": "username",
    "req": 1
},
{
    "type": "textarea",
    "label": "BIO",
    "name": "bio",
    "req": 1
},
{
    "type": "text",
    "label": "Web Site",
    "name": "website",
    "req": 1
},
{
    "type": "text",
    "label": "Instagram",
    "name": "instagram",
    "req": 1
},
{
    "type": "text",
    "label": "Facebook ",
    "name": "facebook",
    "req": 1
},
{
    "type": "text",
    "label": "Linked In",
    "name": "linkedin",
    "req": 1
},
{
    "type": "text",
    "label": "Pastor Name",
    "name": "pastorname",
    "req": 1
},
{
    "type": "text",
    "label": "Pastor ContactNo",
    "name": "pastorcontactno",
    "req": 1
},
{
    "type": "text",
    "label": "Church",
    "name": "church",
    "req": 1
}, {
    "type": "textarea",
    "label": "Notes",
    "name": "notes",
    "req": 0
} ]