{"fields":[{"fieldName":"ID","dataType":"int","annotations":{"isPrimary":true,"autoIncrement":true}},{"fieldName":"code","dataType":"java.lang.String","annotations":{"maxLen":"100"}},{"fieldName":"course_code","dataType":"java.lang.String","annotations":{"maxLen":"50"}},{"fieldName":"course_name","dataType":"java.lang.String","annotations":{"maxLen":"200"}},{"fieldName":"name","dataType":"java.lang.String","annotations":{"maxLen":"200"}},{"fieldName":"description","dataType":"java.lang.String","annotations":{"maxLen":"498"}},{"fieldName":"credit_hrs","dataType":"float","annotations":{}},{"fieldName":"status","dataType":"int","annotations":{}},{"fieldName":"lec_pro_id","dataType":"int","annotations":{}}]}