{
    "fields" : [
        {
            "fieldName":"id",
            "dataType":"java.lang.String",
            "annotations":{
                "maxLen": 100,
                "isPrimary": true,
                "autoIncrement": true
            }
        },
        {
            "fieldName":"main_node",
            "dataType":"java.lang.String",
            "annotations":{
                "maxLen": 10
            }
        },
        {
            "fieldName":"name",
            "dataType":"java.lang.String",
            "annotations":{
                "maxLen": 90
            }
        }
    ]
}