{
    
    "fields" : [
        {
            "fieldName":"id",
            "dataType":"int",
            "annotations":{
                "isPrimary": true,
                "autoIncrement": true
            }
        },
        {
            "fieldName":"catid",
            "dataType":"int"
        },
        {
            "fieldName":"summery",
            "dataType":"java.lang.String",
            "annotations":{
                "maxLen": 500,
                "encoding":"utf8"
            }
        },
        {
            "fieldName":"title",
            "dataType":"java.lang.String",
            "annotations":{
                "maxLen": 100,
                "encoding":"utf8"
            }
        },
        {
            "fieldName":"tags",
            "dataType":"java.lang.String",
            "annotations":{
                "maxLen": 500,
                "encoding":"utf8"
            }
        },
        {
            "fieldName":"uricode",
            "dataType":"java.lang.String",
            "annotations":{
                "maxLen": 500
            }
        },
        {
            "fieldName":"createdate",
            "dataType":"java.util.Date"
        },
        {
            "fieldName":"userid",
            "dataType":"java.lang.String",
            "annotations":{
                "maxLen": 100
            }
        },
        {
            "fieldName":"Status",
            "dataType":"java.lang.String",
            "annotations":{
                "maxLen": 8
            }
        },
        {
            "fieldName":"boost",
            "dataType":"java.lang.String",
            "annotations":{
                "maxLen": 1
            }
        },{
            "fieldName":"showpics",
            "dataType":"java.lang.String",
            "annotations":{
                "maxLen": 1
            }
        },
        {
            "fieldName":"imgname",
            "dataType":"java.lang.String",
            "annotations":{
                "maxLen": 500
            }
        }
    ]
}