{
    
    "fields" : [
        {
            "fieldName":"id",
            "dataType":"int",
            "annotations":{
                "isPrimary": true,
                "autoIncrement": true
            }
        },
        {
            "fieldName":"summery",
            "dataType":"java.lang.String",
            "annotations":{
                "maxLen": 500
            }
        },
        {
            "fieldName":"keywords",
            "dataType":"java.lang.String",
            "annotations":{
                "maxLen": 100
            }
        },
        {
            "fieldName":"title",
            "dataType":"java.lang.String",
            "annotations":{
                "maxLen": 100
            }
        }
        ,
        {
            "fieldName":"url",
            "dataType":"java.lang.String",
            "annotations":{
                "maxLen": 100
            }
        },
        {
            "fieldName":"application",
            "dataType":"java.lang.String",
            "annotations":{
                "maxLen": 100
            }
        },
        {
            "fieldName":"appicationid",
            "dataType":"java.lang.String",
            "annotations":{
                "maxLen": 100
            }
        },
        {
            "fieldName":"imgurl",
            "dataType":"java.lang.String",
            "annotations":{
                "maxLen": 500
            }
        }, {
            "fieldName":"likes",
            "dataType":"int"
        }, {
            "fieldName":"unlikes",
            "dataType":"int"
        }, {
            "fieldName":"comments",
            "dataType":"int"
        }
    ]
}