{
    "fields" : [
        {
            "fieldName":"id",
            "dataType":"int",
            "annotations":{
                "isPrimary": true
            }
        },
        {
            "fieldName":"stripeKey",
            "dataType":"java.lang.String",
            "annotations":{
                "maxLen": 200
            }
        },
        {
            "fieldName":"stripeSecretKey",
            "dataType":"java.lang.String",
            "annotations":{
                "maxLen": 200
            }
        }
    ]
}
