{
    "fields" : [
        {
            "fieldName":"id",
            "dataType":"int",
            "annotations":{
                "isPrimary": true
            }
        },
        {
            "fieldName":"AppCode",
            "dataType":"java.lang.String",
            "annotations":{
                "maxLen": 100,
                "isPrimary": true
            }
        },
        {
            "fieldName":"name",
            "dataType":"java.lang.String",
            "annotations":{
                "maxLen": 500,
                "encoding":"utf8"
            }
        },
        {
            "fieldName":"description",
            "dataType":"java.lang.String",
            "annotations":{
                "maxLen": 1000,
                "encoding":"utf8"
            }
        },
        {
            "fieldName":"url",
            "dataType":"java.lang.String",
            "annotations":{
                "maxLen": 500
            }
        },
        {
            "fieldName":"iconurl",
            "dataType":"java.lang.String",
            "annotations":{
                "maxLen": 500
            }
        }
    ]
}
