{
    "fields" : [
        {
            "fieldName":"domain",
            "dataType":"java.lang.String",
            "annotations":{
                "isPrimary": true,
                "maxLen":100
            }
        },{
            "fieldName":"name",
            "dataType":"java.lang.String",
            "annotations":{
                "maxLen": 255
            }
        },{
            "fieldName":"address",
            "dataType":"java.lang.String",
            "annotations":{
                "maxLen": 255
            }
        },{
            "fieldName":"country",
            "dataType":"java.lang.String",
            "annotations":{
                "maxLen": 20
            }
        },{
            "fieldName":"city",
            "dataType":"java.lang.String",
            "annotations":{
                "maxLen": 20
            }
        },{
            "fieldName":"postalcode",
            "dataType":"java.lang.String",
            "annotations":{
                "maxLen": 20
            }
        },{
            "fieldName":"contactno",
            "dataType":"java.lang.String",
            "annotations":{
                "maxLen": 20
            }
        },{
            "fieldName":"campanyregno",
            "dataType":"java.lang.String",
            "annotations":{
                "maxLen": 20
            }
        },{
            "fieldName":"taxregno",
            "dataType":"java.lang.String",
            "annotations":{
                "maxLen": 20
            }
        },{
            "fieldName":"nationalidcardnumber",
            "dataType":"java.lang.String",
            "annotations":{
                "maxLen": 150
            }
        },{
            "fieldName":"userfullname",
            "dataType":"java.lang.String",
            "annotations":{
                "maxLen": 150
            }
        },{
            "fieldName":"email",
            "dataType":"java.lang.String",
            "annotations":{
                "maxLen": 100
            }
        },{
            "fieldName":"createdUser",
            "dataType":"java.lang.String",
            "annotations":{
                "maxLen": 100
            }
        },{
            "fieldName":"autherization",
            "dataType":"java.lang.String",
            "annotations":{
                "maxLen": 255
            }
        },{
            "fieldName":"organization",
            "dataType":"java.lang.String",
            "annotations":{
                "maxLen": 100
            }
        },{
            "fieldName":"otherdata",
            "dataType":"object",
            "annotations":{
                "maxLen": 1000
            }
        }
        

    ]
}
