{
    "fields" : [
        {
            "fieldName":"keyid",
            "dataType":"java.lang.String",
            "annotations":{
                "isPrimary": true,
                "maxLen":100
            }
        },
        {
            "fieldName":"userid",
            "dataType":"java.lang.String",
            "annotations":{
                "maxLen": 100
            }
        },
        {
            "fieldName":"domain",
            "dataType":"java.lang.String",
            "annotations":{
                "maxLen": 100
            }
        },
        {
            "fieldName":"groupid",
            "dataType":"java.lang.String",
            "annotations":{
                "maxLen": 100
            }
        }
    ]
}