{
    "rawquery" : {
        "type":"procedure",
        "parameters" : ["page","size","lan","lon","rad","search","cat"],
        "query": "call ds_products_v2($lan,$lon,'$cat',$page,$size,'$search',$rad);"
    },
    "fields" : [
        {
            "fieldName":"itemid",
            "dataType":"int"
        },
        {
            "fieldName":"name",
            "dataType":"java.lang.String"
        },
        {
            "fieldName":"caption",
            "dataType":"java.lang.String"
        },
        {
            "fieldName":"price",
            "dataType":"float"
        },
        {
            "fieldName":"discountper",
            "dataType":"float"
        },
        {
            "fieldName":"currencycode",
            "dataType":"java.lang.String",
            "annotations":{
                "maxLen": 4
            }
        },
        {
            "fieldName":"imgurl",
            "dataType":"java.lang.String"
        },
        {
            "fieldName":"catogory",
            "dataType":"java.lang.String",
            "annotations":{
                "maxLen": 40
            }
        },
        {
            "fieldName":"uom",
            "dataType":"java.lang.String",
            "annotations":{
                "maxLen": 100
            }
        },
        {
            "fieldName":"invType",
            "dataType":"java.lang.String",
            "annotations":{
                "maxLen": 10
            }
        },
        {
            "fieldName":"status",
            "dataType":"java.lang.String",
            "annotations":{
                "maxLen": 10
            }
        },{
            "fieldName":"storeid",
            "dataType":"int"
        },
        {
            "fieldName":"storename",
            "dataType":"java.lang.String",
            "annotations":{
                "maxLen": 500,
                "encoding":"utf8"
            }
        },
        {
            "fieldName":"qty",
            "dataType":"int"
        },
        {
            "fieldName":"tid",
            "dataType":"int"
        },
        {
            "fieldName":"sellstype",
            "dataType":"java.lang.String"
        },
        {"fieldName":"bid_start_price","dataType":"float","annotations":{}},
        {"fieldName":"current_bid","dataType":"float","annotations":{}},
        {"fieldName":"bid_enddate","dataType":"java.util.Date","annotations":{}}          
    ]
}
