{
    "fields" : [
        {
            "fieldName":"id",
            "dataType":"int",
            "annotations":{
                "isPrimary": true,
                "autoIncrement": true
            }
        },
        {
            "fieldName":"keywords",
            "dataType":"java.lang.String",
            "annotations":{
                "maxLen": 255,
                "encoding":"utf8"
            }
        },
        {
            "fieldName":"filter",
            "dataType":"java.lang.String",
            "annotations":{
                "maxLen": 100
            }
        },
        {
            "fieldName":"davvagflow",
            "dataType":"java.lang.String"
        }
    ]
}
