{
    "fields" : [
        {
            "fieldName":"profileid",
            "dataType":"int",
            "annotations":{
                "isPrimary": true
            }
        },
        {
            "fieldName":"tranid",
            "dataType":"int",
            "annotations":{
                "isPrimary": true
            }
        },
        {
            "fieldName":"trantype",
            "dataType":"java.lang.String",
            "annotations":{
                "isPrimary": true,
                "maxLen": 10
            }
        },
        {
            "fieldName":"currencycode",
            "dataType":"java.lang.String",
            "annotations":{
                "maxLen": 30
            }
        }
        ,
        {
            "fieldName":"tranDate",
            "dataType":"java.util.Date"
        }
        ,
        {
            "fieldName":"amount",
            "dataType":"float"
        }
    ]
}