{
    "fields" : [
        {
            "fieldName":"id",
            "dataType":"int",
            "annotations":{
                "isPrimary": true,
                "autoIncrement": true
            }
        },
        {
            "fieldName":"itemid",
            "dataType":"int"
        },
        {
            "fieldName":"profileId",
            "dataType":"int"
        },
        {"fieldName":"bid_start_price","dataType":"float","annotations":{}},
        {"fieldName":"bid_enddate","dataType":"java.util.Date","annotations":{}},
        {"fieldName":"number_of_bids","dataType":"int","annotations":{}},
        {"fieldName":"current_bid","dataType":"float","annotations":{}}
    ]
}