{
    "fields" : [
        {
            "fieldName":"receiptNo",
            "dataType":"int",
            "annotations":{
                "isPrimary": true,
                "autoIncrement": true
            }
        },
        {
            "fieldName":"tid",
            "dataType":"int"
        },
        {
            "fieldName":"tenant",
            "dataType":"java.lang.String",
            "annotations":{
                "maxLen": 200
            }
        },
        {
            "fieldName":"paymentType",
            "dataType":"java.lang.String",
            "annotations":{
                "maxLen": 255
            }
        },
        {
            "fieldName":"profileId",
            "dataType":"int"
        },
        {
            "fieldName":"name",
            "dataType":"java.lang.String",
            "annotations":{
                "maxLen": 200,
                "encoding":"utf8"
            }
        },
        {
            "fieldName":"email",
            "dataType":"java.lang.String",
            "annotations":{
                "maxLen": 200
            }
        },
        {
            "fieldName":"city",
            "dataType":"java.lang.String",
            "annotations":{
                "maxLen": 100,
                "encoding":"utf8"
            }
        },
        {
            "fieldName":"address",
            "dataType":"java.lang.String",
            "annotations":{
                "maxLen": 255,
                "encoding":"utf8"
            }
        },
        {
            "fieldName":"country",
            "dataType":"java.lang.String",
            "annotations":{
                "maxLen": 30,
                "encoding":"utf8"
            }
        },
        {
            "fieldName":"supplier_profileId",
            "dataType":"int"
        },
        {
            "fieldName":"supplier_name",
            "dataType":"java.lang.String",
            "annotations":{
                "maxLen": 200
            }
        },
        {
            "fieldName":"supplier_email",
            "dataType":"java.lang.String",
            "annotations":{
                "maxLen": 200
            }
        },
        {
            "fieldName":"supplier_city",
            "dataType":"java.lang.String",
            "annotations":{
                "maxLen": 100
            }
        },
        {
            "fieldName":"supplier_address",
            "dataType":"java.lang.String",
            "annotations":{
                "maxLen": 255
            }
        },
        {
            "fieldName":"supplier_country",
            "dataType":"java.lang.String",
            "annotations":{
                "maxLen": 30
            }
        },
        {
            "fieldName":"receiptDate",
            "dataType":"java.util.Date"
        },
        {
            "fieldName":"detailsString",
            "dataType":"java.lang.String"
        },
        {
            "fieldName":"status",
            "dataType":"java.lang.String",
            "annotations":{
                "maxLen": 10
            }
        },
        {
            "fieldName":"advanceAmount",
            "dataType":"float"
        },
        {
            "fieldName":"advanceUtilized",
            "dataType":"float"
        },
        {
            "fieldName":"paymentAmount",
            "dataType":"float"
        },
        {
            "fieldName":"outstandingAmount",
            "dataType":"float"
        },
        {
            "fieldName":"balanceAmount",
            "dataType":"float"
        },
        {
            "fieldName":"remarks",
            "dataType":"java.lang.String",
            "annotations":{
                "maxLen": 255
            }
        },
        {
            "fieldName":"collectedByID",
            "dataType":"java.lang.String",
            "annotations":{
                "maxLen": 100
            }
        },
        {
            "fieldName":"collectedBy",
            "dataType":"java.lang.String",
            "annotations":{
                "maxLen": 200
            }
        },{
            "fieldName":"source_id",
            "dataType":"java.lang.String",
            "annotations":{
                "maxLen": 200
            }
        }
    ]
}