{
    "fields" : [
        {
            "fieldName":"tranNo",
            "dataType":"int",
            "annotations":{
                "isPrimary": true
            }
        },
        {
            "fieldName":"itemid",
            "dataType":"int",
            "annotations":{
                "isPrimary": true
            }
        },
        {
            "fieldName":"transactionid",
            "dataType":"int"
        },
        {
            "fieldName":"uom",
            "dataType":"java.lang.String",
            "annotations":{
                "maxLen": 100
            }
        },
        {
            "fieldName":"name",
            "dataType":"java.lang.String",
            "annotations":{
                "maxLen": 200,
                "encoding":"utf8"
            }
        },
        {
            "fieldName":"qty",
            "dataType":"float"
        },
        {
            "fieldName":"price",
            "dataType":"float"
        },
        {
            "fieldName":"total",
            "dataType":"float"
        }
    ]
}