{
    "fields" : [
        {
            "fieldName":"tranNo",
            "dataType":"int",
            "annotations":{
                "isPrimary": true,
                "autoIncrement": true
            }
        },
        {
            "fieldName":"tid",
            "dataType":"int"
        },
        {
            "fieldName":"tenant",
            "dataType":"java.lang.String",
            "annotations":{
                "maxLen": 200
            }
        },
        {
            "fieldName":"profileId",
            "dataType":"int"
        },
        {
            "fieldName":"name",
            "dataType":"java.lang.String",
            "annotations":{
                "maxLen": 200,
                "encoding":"utf8"
            }
        },
        {
            "fieldName":"email",
            "dataType":"java.lang.String",
            "annotations":{
                "maxLen": 200
            }
        },
        {
            "fieldName":"city",
            "dataType":"java.lang.String",
            "annotations":{
                "maxLen": 100
            }
        },
        {
            "fieldName":"address",
            "dataType":"java.lang.String",
            "annotations":{
                "maxLen": 255
            }
        },
        {
            "fieldName":"country",
            "dataType":"java.lang.String",
            "annotations":{
                "maxLen": 30
            }
        },
        {
            "fieldName":"tranDate",
            "dataType":"java.util.Date"
        },
        {
            "fieldName":"invoiceDueDate",
            "dataType":"java.util.Date"
        },
        {
            "fieldName":"detailsString",
            "dataType":"java.lang.String"
        },
        {
            "fieldName":"status",
            "dataType":"java.lang.String",
            "annotations":{
                "maxLen": 10
            }
        },
        {
            "fieldName":"subtotal",
            "dataType":"float"
        },
        {
            "fieldName":"total",
            "dataType":"float"
        },
        {
            "fieldName":"taxamount",
            "dataType":"float"
        },
        {
            "fieldName":"paidamount",
            "dataType":"float"
        },
        {
            "fieldName":"balance",
            "dataType":"float"
        },
        {
            "fieldName":"Complete",
            "dataType":"java.lang.String",
            "annotations":{
                "maxLen": 1
            }
        }
        ,
        {
            "fieldName":"tax",
            "dataType":"float"
        },
        {
            "fieldName":"remarks",
            "dataType":"java.lang.String",
            "annotations":{
                "maxLen": 255
            }
        },
        {
            "fieldName":"preparedByID",
            "dataType":"java.lang.String",
            "annotations":{
                "maxLen": 100
            }
        },
        {
            "fieldName":"source_id",
            "dataType":"java.lang.String",
            "annotations":{
                "maxLen": 200
            }
        }
    ]
}