{
    "rawquery" : {
        "type":"sql",
        "parameters" : ["column","value"],
        "query": "SELECT * FROM products where $column like '%$value%';"
    },
    "fields" : [
        {
            "fieldName":"itemid",
            "dataType":"int",
            "annotations":{
                "isPrimary": true,
                "autoIncrement": true
            }
        },
        {
            "fieldName":"tid",
            "dataType":"int"
        },
        {
            "fieldName":"tenant",
            "dataType":"java.lang.String",
            "annotations":{
                "maxLen": 200
            }
        },
        {
            "fieldName":"name",
            "dataType":"java.lang.String",
            "annotations":{
                "maxLen": 500,
                "encoding":"utf8"
            }
        },
        {
            "fieldName":"caption",
            "dataType":"java.lang.String",
            "annotations":{
                "encoding":"utf8"
            }
        },
        {
            "fieldName":"keywords",
            "dataType":"java.lang.String",
            "annotations":{
                "maxLen": 500,
                "encoding":"utf8"
            }
        },
        {
            "fieldName":"sellstype",
            "dataType":"java.lang.String",
            "annotations":{
                "maxLen": 10
            }
        },
        {
            "fieldName":"qty",
            "dataType":"float"
        },
        {
            "fieldName":"reorder_qty",
            "dataType":"float"
        },
        {
            "fieldName":"price",
            "dataType":"float"
        },
        {
            "fieldName":"cost",
            "dataType":"float"
        },
        {
            "fieldName":"discountper",
            "dataType":"float"
        },
        {
            "fieldName":"currencycode",
            "dataType":"java.lang.String",
            "annotations":{
                "maxLen": 4
            }
        },
        {
            "fieldName":"imgurl",
            "dataType":"java.lang.String"
        },
        {
            "fieldName":"showonstore",
            "dataType":"java.lang.String",
            "annotations":{
                "maxLen": 1
            }
        },
        {
            "fieldName":"recordtype",
            "dataType":"int",
            "annotations":{
                "maxLen": 1
            }
        },{
            "fieldName":"storeid",
            "dataType":"int"
        },
        {
            "fieldName":"storename",
            "dataType":"java.lang.String",
            "annotations":{
                "maxLen": 500,
                "encoding":"utf8"
            }
        },
        {
            "fieldName":"catogory",
            "dataType":"java.lang.String",
            "annotations":{
                "maxLen": 40
            }
        },
        {
            "fieldName":"catogoryid",
            "dataType":"int"
        },
        {
            "fieldName":"uom",
            "dataType":"java.lang.String",
            "annotations":{
                "maxLen": 100
            }
        },
        {
            "fieldName":"invType",
            "dataType":"java.lang.String",
            "annotations":{
                "maxLen": 10
            }
        },
        {
            "fieldName":"status",
            "dataType":"java.lang.String",
            "annotations":{
                "maxLen": 10
            }
        },
        {
            "fieldName":"collectedByID",
            "dataType":"java.lang.String",
            "annotations":{
                "maxLen": 100
            }
        },
        {
            "fieldName":"collectedBy",
            "dataType":"java.lang.String",
            "annotations":{
                "maxLen": 200
            }
        }        
    ]
}
