{
    "rawquery" : {
        "type":"procedure",
        "parameters" : ["pid"],
        "query": "Select *,(SELECT Count(distinct(orderheader_accepted.invoiceNo)) FROM orderdetails_accepted inner join orderheader_accepted on orderdetails_accepted.invoiceNo=orderheader_accepted.invoiceNo where orderdetails_accepted.itemid=products.itemid and orderheader_accepted.supplier_profileId=products.storeid) as new_Orders, (SELECT Count(distinct(orderheader_pending.invoiceNo)) FROM orderdetails_pending  inner join orderheader_pending on  orderdetails_pending.invoiceNo=orderheader_pending.invoiceNo  where orderdetails_pending.itemid=products.itemid and orderheader_pending.supplier_profileId=products.storeid) as pending_Orders,(SELECT Count(distinct(orderheader_rejected.invoiceNo)) FROM orderdetails_rejected inner join orderheader_rejected on  orderdetails_rejected.invoiceNo=orderheader_rejected.invoiceNo where orderdetails_rejected.itemid=products.itemid and orderheader_rejected.supplier_profileId=products.storeid) as rejected_Orders,(SELECT Count(distinct(orderheader_deleted.invoiceNo)) FROM orderdetails_deleted inner join orderheader_deleted on  orderdetails_deleted.invoiceNo=orderheader_deleted.invoiceNo where orderdetails_deleted.itemid=products.itemid and orderheader_deleted.supplier_profileId=products.storeid) as deleted_Orders From products Where storeid=$pid;"
    },
    "fields" : [
        {
            "fieldName":"itemid",
            "dataType":"int"
        },
        {
            "fieldName":"sellstype",
            "dataType":"java.lang.String"
        },
        {
            "fieldName":"qty",
            "dataType":"float"
        },
        {
            "fieldName":"name",
            "dataType":"java.lang.String"
        },
        {
            "fieldName":"caption",
            "dataType":"java.lang.String"
        },
        {
            "fieldName":"price",
            "dataType":"float"
        },
        {
            "fieldName":"discountper",
            "dataType":"float"
        },
        {
            "fieldName":"currencycode",
            "dataType":"java.lang.String",
            "annotations":{
                "maxLen": 4
            }
        },
        {
            "fieldName":"imgurl",
            "dataType":"java.lang.String"
        },
        {
            "fieldName":"catogory",
            "dataType":"java.lang.String",
            "annotations":{
                "maxLen": 40
            }
        },
        {
            "fieldName":"uom",
            "dataType":"java.lang.String",
            "annotations":{
                "maxLen": 100
            }
        },
        {
            "fieldName":"invType",
            "dataType":"java.lang.String",
            "annotations":{
                "maxLen": 10
            }
        },
        {
            "fieldName":"status",
            "dataType":"java.lang.String",
            "annotations":{
                "maxLen": 10
            }
        },{
            "fieldName":"storeid",
            "dataType":"int"
        },
        {
            "fieldName":"storename",
            "dataType":"java.lang.String",
            "annotations":{
                "maxLen": 500,
                "encoding":"utf8"
            }
        },
        {
            "fieldName":"new_Orders",
            "dataType":"int"
        },
        {
            "fieldName":"pending_Orders",
            "dataType":"int"
        },
        {
            "fieldName":"rejected_Orders",
            "dataType":"int"
        },
        {
            "fieldName":"deleted_Orders",
            "dataType":"int"
        }         
    ]
}
