{
    "rawquery" : {
        "type":"sql",
        "parameters" : ["itemid"],
        "query": "Select * from products inner join  products_subitems on products.itemid=products_subitems.subitemid where products_subitems.itemid=$itemid;"
    },
    "fields" : [
        {
            "fieldName":"itemid",
            "dataType":"int"
        },
        {
            "fieldName":"sellstype",
            "dataType":"java.lang.String"
        },
        {
            "fieldName":"qty",
            "dataType":"float"
        },
        {
            "fieldName":"name",
            "dataType":"java.lang.String"
        },
        {
            "fieldName":"caption",
            "dataType":"java.lang.String"
        },
        {
            "fieldName":"price",
            "dataType":"float"
        },
        {
            "fieldName":"discountper",
            "dataType":"float"
        },
        {
            "fieldName":"currencycode",
            "dataType":"java.lang.String",
            "annotations":{
                "maxLen": 4
            }
        },
        {
            "fieldName":"imgurl",
            "dataType":"java.lang.String"
        },
        {
            "fieldName":"catogory",
            "dataType":"java.lang.String",
            "annotations":{
                "maxLen": 40
            }
        },
        {
            "fieldName":"uom",
            "dataType":"java.lang.String",
            "annotations":{
                "maxLen": 100
            }
        },
        {
            "fieldName":"invType",
            "dataType":"java.lang.String",
            "annotations":{
                "maxLen": 10
            }
        },
        {
            "fieldName":"status",
            "dataType":"java.lang.String",
            "annotations":{
                "maxLen": 10
            }
        },{
            "fieldName":"storeid",
            "dataType":"int"
        },
        {
            "fieldName":"storename",
            "dataType":"java.lang.String",
            "annotations":{
                "maxLen": 500,
                "encoding":"utf8"
            }
        },
        {
            "fieldName":"qty",
            "dataType":"int"
        },
        {
            "fieldName":"grpqty",
            "dataType":"int"
        },
        {
            "fieldName":"tid",
            "dataType":"int"
        },
        {
            "fieldName":"liked",
            "dataType":"int"
        },
        {
            "fieldName":"favorite",
            "dataType":"int"
        },
        {
            "fieldName":"domestic",
            "dataType":"float"
        },
        {
            "fieldName":"international",
            "dataType":"float"
        },
        {
            "fieldName":"country",
            "dataType":"java.lang.String"
            
        }          
    ]
}
