{
    "fields" : [
        {
            "fieldName":"id",
            "dataType":"int",
            "annotations":{
                "isPrimary": true
            }
        },
        {
            "fieldName":"tid",
            "dataType":"int"
        },
        {
            "fieldName":"tenant",
            "dataType":"java.lang.String",
            "annotations":{
                "maxLen": 200
            }
        },
        {
            "fieldName":"learning_type",
            "dataType":"java.lang.String",
            "annotations":{
                "maxLen": 10
            }
        },
        {
            "fieldName":"username",
            "dataType":"java.lang.String",
            "annotations":{
                "maxLen": 30
            }
        },
        {
            "fieldName":"bio",
            "dataType":"java.lang.String",
            "annotations":{
                "maxLen": 400,
                "encoding":"utf8"
            }
        },
        {
            "fieldName":"website",
            "dataType":"java.lang.String",
            "annotations":{
                "maxLen": 100
            }
        },
        {
            "fieldName":"instagram",
            "dataType":"java.lang.String",
            "annotations":{
                "maxLen": 50
            }
        },
        {
            "fieldName":"facebook",
            "dataType":"java.lang.String",
            "annotations":{
                "maxLen": 100
            }
        },
        {
            "fieldName":"linkedin",
            "dataType":"java.lang.String",
            "annotations":{
                "maxLen": 100
            }
        },
        {
            "fieldName":"pastorname",
            "dataType":"java.lang.String",
            "annotations":{
                "maxLen": 100
            }
        },
        {
            "fieldName":"church",
            "dataType":"java.lang.String",
            "annotations":{
                "maxLen": 100
            }
        },
        {
            "fieldName":"pastorcontactno",
            "dataType":"java.lang.String",
            "annotations":{
                "maxLen": 100
            }
        },
        {
            "fieldName":"notes",
            "dataType":"java.lang.String",
            "annotations":{
                "maxLen": 600,
                "encoding":"utf8"
            }
        }

    ]
}
