{
    "fields" : [
{
    "fieldName":"profileid",
    "dataType":"int",
    "annotations":{
        "isPrimary": true
    }
},
{
    "fieldName":"outstanding",
    "dataType":"float"
},
{
    "fieldName":"currencycode",
    "dataType":"java.lang.String",
    "annotations":{
        "maxLen": 30
    }
},
{
    "fieldName":"totalInvoicedAmount",
    "dataType":"float"
},
{
    "fieldName":"totalPaidAmount",
    "dataType":"float"
},
{
    "fieldName":"totalGRNAmount",
    "dataType":"float"
},
{
    "fieldName":"totalPaymentAmount",
    "dataType":"float"
},
{
    "fieldName":"totalPaidUnrealized",
    "dataType":"float"
},
{
    "fieldName":"totalInvoiceUnrealized",
    "dataType":"float"
},
{
    "fieldName":"totalGRNUnrealized",
    "dataType":"float"
},
{
    "fieldName":"totalPaymentUnrealized",
    "dataType":"float"
}

]}