{
    "fields" : [
        {
            "fieldName":"invoiceNo",
            "dataType":"int",
            "annotations":{
                "isPrimary": true
            }
        },{
            "fieldName":"rideremail",
            "dataType":"java.lang.String",
            "annotations":{ 
                "maxLen": 200
            }
        },
        {
            "fieldName":"tid",
            "dataType":"int"
        },
        {
            "fieldName":"tenant",
            "dataType":"java.lang.String",
            "annotations":{
                "maxLen": 200
            }
        },
        {
            "fieldName":"profileId",
            "dataType":"int"
        },
        {
            "fieldName":"name",
            "dataType":"java.lang.String",
            "annotations":{
                "maxLen": 200
            }
        },
        {
            "fieldName":"email",
            "dataType":"java.lang.String",
            "annotations":{
                "maxLen": 200
            }
        },
        {
            "fieldName":"city",
            "dataType":"java.lang.String",
            "annotations":{
                "maxLen": 100
            }
        },
        {
            "fieldName":"address",
            "dataType":"java.lang.String",
            "annotations":{
                "maxLen": 255
            }
        },
        {
            "fieldName":"country",
            "dataType":"java.lang.String",
            "annotations":{
                "maxLen": 30
            }
        },
        {
            "fieldName":"lon",
            "dataType":"float"
        },
        {
            "fieldName":"lat",
            "dataType":"float"
        },
        {
            "fieldName":"contactno",
            "dataType":"java.lang.String",
            "annotations":{
                "maxLen": 30
            }
        },
        {
            "fieldName":"remarks",
            "dataType":"java.lang.String",
            "annotations":{
                "maxLen": 300
            }
        },

        {
            "fieldName":"invoiceDate",
            "dataType":"java.util.Date"
        },
        {
            "fieldName":"invoiceDueDate",
            "dataType":"java.util.Date"
        },
        {
            "fieldName":"detailsString",
            "dataType":"java.lang.String"
        },
        {
            "fieldName":"status",
            "dataType":"java.lang.String",
            "annotations":{
                "maxLen": 10
            }
        },
        {
            "fieldName":"total",
            "dataType":"float"
        },
        {
            "fieldName":"paidamount",
            "dataType":"float"
        },
        {
            "fieldName":"balance",
            "dataType":"float"
        },
        {
            "fieldName":"preparedByID",
            "dataType":"java.lang.String",
            "annotations":{
                "maxLen": 100
            }
        },
        {
            "fieldName":"preparedBy",
            "dataType":"java.lang.String",
            "annotations":{
                "maxLen": 200
            }
        }
    ]
}