{
    "fields" : [
        {
            "fieldName":"viewObjectID",
            "dataType":"int",
            "annotations":{
                "isPrimary": true
            }
        }, 
        {
            "fieldName":"item_value",
            "dataType":"java.lang.String",
            "annotations":{
                "maxLen": 100,
                "isPrimary": true
            }
        },
        {
            "fieldName":"item_type",
            "dataType":"java.lang.String",
            "annotations":{
                "maxLen": 10,
                "isPrimary": true
            }
        }, 
        {
            "fieldName":"item_permision",
            "dataType":"java.lang.String",
            "annotations":{
                "maxLen": 10
            }
        }, 
        {
            "fieldName":"item_text",
            "dataType":"java.lang.String",
            "annotations":{
                "maxLen": 255
            }
        }
    ]
}