{
    "fields" : [
        {
            "fieldName":"keyid",
            "dataType":"java.lang.String",
            "annotations":{
                "isPrimary": true,
                "maxLen":50
            }
        },
        {
            "fieldName":"groupid",
            "dataType":"java.lang.String",
            "annotations":{
                "maxLen": 100
            }
        },
        {
            "fieldName":"domain",
            "dataType":"java.lang.String",
            "annotations":{
                "maxLen": 100
            }
        },
        {
            "fieldName":"appCode",
            "dataType":"java.lang.String",
            "annotations":{
                "maxLen": 100
            }
        },
        {
            "fieldName":"type",
            "dataType":"java.lang.String",
            "annotations":{
                "maxLen": 100
            }
        },
        {
            "fieldName":"code",
            "dataType":"java.lang.String",
            "annotations":{
                "maxLen": 100
            }
        },
        {
            "fieldName":"description",
            "dataType":"java.lang.String",
            "annotations":{
                "maxLen": 500
            }
        },
        {
            "fieldName":"uri",
            "dataType":"java.lang.String",
            "annotations":{
                "maxLen": 100
            }
        },
        {
            "fieldName":"operation",
            "dataType":"java.lang.String",
            "annotations":{
                "maxLen": 100
            }
        }
    ]
}