{"main_node":"attr","name":"profile_service_activation","Fields":[{"type":"text","valuetype":"int","primary":"true","autoIncrement":false,"label":"id","name":"id","readonly":"1"},{"type":"text","valuetype":"java.lang.String","primary":false,"label":"Name","name":"name","autoIncrement":false,"maxlen":"200","readonly":"1"},{"type":"text","valuetype":"float","primary":false,"autoIncrement":false,"label":"Credit Hours","name":"credit_hours","req":"1"},{"type":"select","valuetype":"java.lang.String","primary":false,"autoIncrement":false,"label":"Status","name":"status","maxlen":"50","choices":[{"label":"Completed","sel":"Completed"},{"label":"ToBeActivated","sel":"ToBeActivated"},{"label":"InComplete","sel":"InComplete"}],"req":"1"}],"id":"attr_profile_service_activation"}