[{"type":"text","valuetype":"java.lang.String","primary":"true","autoIncrement":false,"label":"Code","name":"code","maxlen":"50","req":"1"},{"type":"text","valuetype":"java.lang.String","primary":"true","autoIncrement":false,"label":"Course","name":"course_code","maxlen":"50","req":"1","readonly":"1"},{"type":"text","valuetype":"java.lang.String","primary":false,"autoIncrement":false,"label":"Course Name","name":"course_name","maxlen":"200","readonly":"1"},{"type":"text","valuetype":"java.lang.String","primary":false,"autoIncrement":false,"label":"Name","name":"name","maxlen":"200","req":"1"},{"type":"textarea","valuetype":"java.lang.String","primary":false,"autoIncrement":false,"label":"Description","name":"description","maxlen":"500","req":"1"},{"type":"text","valuetype":"float","primary":false,"label":"Credit Hours","name":"credit_hrs","req":"1"},{"type":"checkbox","valuetype":"int","primary":false,"label":"Active","name":"status","truevalue":"1","falsevalue":"0","req":"0"}]