[{"type":"text","name":"code","label":"Code","valuetype":"java.lang.String","req":"1","primary":"true","autoIncrement":false,"readonly":"0","maxlen":"30"},{"type":"text","name":"name","label":"Name","valuetype":"java.lang.String","req":"1","primary":false,"autoIncrement":false,"maxlen":"100"},{"type":"textarea","name":"description","label":"Description","valuetype":"java.lang.String","req":"1","primary":false,"autoIncrement":false,"maxlen":"500"},{"type":"text","name":"year_course","label":"Year","valuetype":"int","req":"0","primary":false,"autoIncrement":false},{"type":"checkbox","name":"status","label":"Active","valuetype":"int","req":"1","primary":false,"autoIncrement":false,"truevalue":"1"}]