[{"type":"text","name":"admin","label":"admin","valuetype":"int","req":"1","primary":"true","autoIncrement":"true","readonly":"1"},{"type":"text","name":"name","label":"name","valuetype":"java.lang.String","req":"1","primary":false,"autoIncrement":false,"readonly":"0","maxlen":"150"},{"type":"textarea","name":"address","label":"Address","valuetype":"java.lang.String","req":"0","primary":false,"autoIncrement":false,"maxlen":"255"},{"type":"select","valuetype":"int","primary":false,"label":"Profile","name":"profileId","datasource":"profile","datavalue":"id","datacaption":"name"},{"type":"select","valuetype":"java.lang.String","primary":false,"autoIncrement":false,"label":"lasitha","name":"lasitha","choices":[{"label":"abc","sel":"abc"},{}]}]