{"Fields":[{"type":"text","valuetype":"int","primary":"true","autoIncrement":"true","label":"ID","name":"ID","readonly":"1"},{"type":"text","valuetype":"java.lang.String","primary":false,"label":"Code","name":"code","autoIncrement":false,"maxlen":"100","req":"1"},{"type":"text","valuetype":"java.lang.String","primary":false,"autoIncrement":false,"name":"course_code","label":"Course Code","readonly":"1","maxlen":"50"},{"type":"text","valuetype":"java.lang.String","primary":false,"autoIncrement":false,"name":"course_name","maxlen":"200","readonly":"1","label":"Course Name"},{"type":"text","valuetype":"java.lang.String","primary":false,"autoIncrement":false,"label":"Name","name":"name","maxlen":"200"},{"type":"textarea","valuetype":"java.lang.String","primary":false,"autoIncrement":false,"name":"description","label":"Description","maxlen":"498"},{"type":"text","valuetype":"float","primary":false,"autoIncrement":false,"name":"credit_hrs","label":"Credit Hours","req":"1"},{"type":"checkbox","valuetype":"int","primary":false,"label":"Active","name":"status","truevalue":"1","falsevalue":"0","req":"1"},{"type":"select","valuetype":"int","primary":false,"autoIncrement":false,"label":"Lecturer","name":"lec_profileId","req":"1","datasource":"profiles","query":"catogory:staff","datavalue":"id","datacaption":"name"}],"id":"attr_subject_creation","main_node":"attr","name":"subject_creation"}