{"main_node":"attr","name":"stelup_dispatch","Fields":[{"type":"text","valuetype":"int","primary":"true","autoIncrement":false,"label":"invoice No","name":"invoiceNo","req":"1","readonly":"1"},{"type":"text","valuetype":"java.lang.String","primary":false,"label":"Name","name":"name","autoIncrement":false,"maxlen":"100","readonly":"1"},{"type":"textarea","valuetype":"java.lang.String","primary":false,"autoIncrement":false,"label":"Shipping Details","name":"shipping_details","maxlen":"500"},{"type":"textarea","valuetype":"java.lang.String","primary":false,"autoIncrement":false,"label":"Comments","name":"comments","maxlen":"1000","req":"1"},{"type":"text","valuetype":"int","primary":false,"autoIncrement":false,"label":"Profile ID","name":"profileId","readonly":"1","req":"0"}],"id":"attr_stelup_dispatch"}