{"Fields":[{"type":"text","name":"admin","label":"admin","valuetype":"int","req":"1","primary":"true","autoIncrement":"true","readonly":"1"},{"type":"text","name":"name","label":"name","valuetype":"java.lang.String","req":"1","primary":false,"autoIncrement":false,"readonly":"0","maxlen":"150"},{"type":"textarea","name":"address","label":"Address","valuetype":"java.lang.String","req":"0","primary":false,"autoIncrement":false,"maxlen":"255"},{"type":"select","valuetype":"int","primary":false,"label":"Profile","name":"profileId","datasource":"profile","datavalue":"id","datacaption":"name"},{"type":"select","valuetype":"java.lang.String","primary":false,"autoIncrement":false,"label":"lasitha","name":"lasitha","choices":[{"label":"1","sel":"1"},{"label":"2","sel":"2"},{"label":"3","sel":"3"}],"maxlen":"10"}],"id":"attr_lasitha_form","main_node":"attr","name":"lasitha_form","postworkflow":{"filename":"testflow.json","name":"testflow","inputData":[{"name":"profileId","datatype":"int","mappingfield":"profileId"},{"name":"profile","datatype":"string","mappingfield":"name"}],"startupNode":"reg-step-1","nodes":[],"inpuData":[{"name":"profileId","datatype":"int","mappingfield":"profileId"},{"name":"profile","datatype":"string","mappingfield":"name"}]}}