[{"type":"text","valuetype":"int","primary":"true","label":"id","name":"itemid","readonly":"1"},{"type":"text","valuetype":"float","primary":false,"label":"Bid Start Price","name":"bid_start_price","req":"1"},{"type":"text","valuetype":"java.util.Date","primary":false,"label":"Bid Closing Date","name":"bid_enddate","autoIncrement":false,"req":"1"},{"type":"text","valuetype":"int","primary":false,"autoIncrement":false,"label":"Number of Bids","name":"number_of_bids","readonly":"1"},{"type":"text","valuetype":"float","primary":false,"label":"Current Bid","name":"current_bid","readonly":"1"},{"type":"text","valuetype":"java.lang.String","primary":false,"autoIncrement":false,"label":"Condition","name":"bid_condition","req":"1","maxlen":"20"},{"type":"text","valuetype":"int","primary":false,"autoIncrement":false,"label":"profileid","name":"profileId","req":"0","readonly":"1"},{"type":"select","valuetype":"java.lang.String","primary":false,"autoIncrement":false,"label":"status","name":"status","choices":[{"label":"closed","sel":"closed"},{"label":"active","sel":"active"}],"req":"1"}]